{
  "AAPL": {
    "mean": [
      181.62400817871094,
      183.5854034423828,
      179.8441925048828,
      181.80380249023438,
      17.968812942504883
    ],
    "std": [
      40.80550003051758,
      41.09528732299805,
      40.534324645996094,
      40.83872604370117,
      0.3848903179168701
    ]
  },
  "MSFT": {
    "mean": [
      346.9869384765625,
      350.1358947753906,
      343.6328430175781,
      347.023193359375,
      16.991758346557617
    ],
    "std": [
      89.1898422241211,
      89.452392578125,
      88.65193939208984,
      89.05089569091797,
      0.3490985035896301
    ]
  },
  "GOOGL": {
    "mean": [
      149.7737274169922,
      151.5089569091797,
      148.1069793701172,
      149.8479766845703,
      17.215049743652344
    ],
    "std": [
      51.20603561401367,
      51.74918746948242,
      50.54962921142578,
      51.17766571044922,
      0.3582555055618286
    ]
  },
  "AMZN": {
    "mean": [
      164.82591247558594,
      166.74952697753906,
      162.73513793945312,
      164.775146484375,
      17.769147872924805
    ],
    "std": [
      41.61127853393555,
      41.74878692626953,
      41.32618713378906,
      41.53961181640625,
      0.4080701470375061
    ]
  },
  "META": {
    "mean": [
      393.3348083496094,
      398.50286865234375,
      388.1204833984375,
      393.3285217285156,
      16.735868453979492
    ],
    "std": [
      189.65234375,
      191.23423767089844,
      187.29562377929688,
      189.24424743652344,
      0.5216190814971924
    ]
  },
  "NVDA": {
    "mean": [
      70.25131225585938,
      71.41720581054688,
      68.93523406982422,
      70.22886657714844,
      19.67360496520996
    ],
    "std": [
      59.17087936401367,
      59.952735900878906,
      58.17451477050781,
      59.074851989746094,
      0.4896928071975708
    ]
  },
  "TSLA": {
    "mean": [
      268.5114440917969,
      274.31878662109375,
      262.25274658203125,
      268.3358154296875,
      18.33919334411621
    ],
    "std": [
      80.50148010253906,
      81.94517517089844,
      78.65876770019531,
      80.27589416503906,
      0.37609705328941345
    ]
  },
  "JPM": {
    "mean": [
      176.4332275390625,
      178.14276123046875,
      174.79664611816406,
      176.53599548339844,
      16.13961410522461
    ],
    "std": [
      63.385711669921875,
      63.99159622192383,
      62.85533142089844,
      63.45157241821289,
      0.3818575441837311
    ]
  },
  "V": {
    "mean": [
      255.52175903320312,
      257.8326721191406,
      253.34153747558594,
      255.6438751220703,
      15.68942642211914
    ],
    "std": [
      53.38358688354492,
      53.67182540893555,
      53.13290786743164,
      53.4364013671875,
      0.38551247119903564
    ]
  },
  "JNJ": {
    "mean": [
      154.32156372070312,
      155.4736785888672,
      153.21168518066406,
      154.4193115234375,
      15.814300537109375
    ],
    "std": [
      15.334497451782227,
      15.55700397491455,
      15.262399673461914,
      15.494864463806152,
      0.40056443214416504
    ]
  }
}